company_name,count
Telltale Games,22
Sandlot Games,17
Playloft,15
Simulators Live,15
Sports Interactive,14
Visual Concepts,11
Vladimir Maslov,9
Out Of The Park Developments,7
Slightly Mad Studios,7
Gameloft,7
Codemasters,7
Daily Magic Productions,6
Stainless Games Ltd.,6
David Mulder,6
Codemasters Birmingham,6
From Soy Sauce LLC,5
Konami,5
"Tricol Co., Ltd.",5
Oddfellows Software,5
id Software,5
PopCap Games,5
Capcom,5
Konami Digital Entertainment,5
dev4play,4
Epic Games,4
Trion Worlds,4
Blue Byte Software,4
Ubisoft Bucharest,4
Dovetail Games,4
CCP Games,4
Warfare Sims,4
Viva Media,4
ERS G Studios,4
TransGaming Inc.,4
Techland,4
Blue Byte,4
Ubisoft Montreal,4
Square Enix,4
GRIN,4
Rockstar North,4
Bluehole Studio,4
High Moon Studios,3
PlatinumGames,3
Sumo Digital,3
Full Control ApS,3
KISS ltd,3
Wicked Witch Software,3
Voltage Inc.,3
Farsky Interactive,3
The Secret Location,3
Dimps,3
HB Studios,3
Cliffhanger Productions,3
FUN Labs,3
Human Head Studios,3
Gust,3
IO Interactive,3
NetEase Games,3
Apogee Software,3
Nomad Games,3
BonusXP,3
Razorworks Studios,3
Codemasters Southam,3
SakuraGame,3
Monolith Productions,3
Artifex Mundi,3
caves rd,3
FrozenShard Games,3
FiveDead Interactive Inc.,3
DMA Design,3
Bohemia Interactive,3
The Moon Pirates,3
Happy Hobgoblin,3
Vertigo Games,3
"Atari, Inc.",3
OneShark,3
Alfa-Omega,3
Glitch Games Ltd,3
Meridian4,3
Novus Res,2
Uber Entertainment,2
Stardock,2
Free Range Games,2
"Namco Networks America, Inc.",2
GKD Game Studio,2
High Voltage Software,2
Terminal Reality,2
IPACS,2
Ubisoft Paris,2
Bandai Namco Studios,2
Chainsawesome Games,2
Zombie Studios,2
Magic House,2
Pippala Games,2
Black Cloud Studios,2
Spicy Horse Games,2
Mediatonic,2
Silden,2
AWE Productions,2
Hatrabbit Entertainment,2
Televisor,2
Soma Games,2
Petroglyph Games,2
Infinity Hentai,2
FuturLab,2
(Archive) Triority,2
Blazes Games,2
Shanghai YiJun Network Info Technologies Inc.,2
Raven Software,2
Ebullience Games,2
Nival,2
Saber Interactive,2
Ima Create,2
Wild Games Studio,2
"Dejobaan Games, LLC",2
Ubisoft Shanghai,2
Behaviour Interactive,2
Shortbreak Studios s.c.,2
Skybox Labs,2
Activision,2
"Gambit Games Studio, LLC",2
KinifiGames LLC,2
Rockin' Android,2
Gamer Girl,2
Narko Games,2
Dieselmine,2
NAISU,2
Afterthought Games,2
Nooskewl,2
Quantized Bit,2
Dreambakers,2
"Hassey Enterprises, Inc",2
Epic Works,2
1C: Maddox Games,2
"Proletariat, Inc.",2
D.W.S.,2
Days of Wonder,2
Julian Glander,2
Angela Game,2
Ivanovich Games,2
Membraine Studios,2
Camex Games,2
80Arcade,2
CloudScapeGT,2
Tennen-sozai,2
Section Studios,2
Labrodex Inc,2
Webzen,2
Auroch Digital,2
MLB Advanced Media,2
Obsidian Entertainment,2
FromSoftware,2
Ragequit Corporation,2
Studio CloudScape,2
Big Moustache Games,2
Eipix Entertainment,2
Creative Freaks Inc.,2
Daybreak Game Company,2
Hoplon,2
Monte Cristo,2
TURBO TAPE GAMES,2
Asmodee Digital,2
"38,9_Degrees",2
Magicbane,2
Vicarious Visions,2
n-Space,2
Vostok Games,2
Stonebirds,2
Santa Clara Games,2
Zoe Mode,2
EA Digital Illusions CE,2
Criterion Games,2
Free Reign Entertainment,2
MumboJumbo,2
Sameer Hirezi,2
Ubisoft San Francisco,2
Reflexive Entertainment,2
Vicious Cycle Software,2
Nimble Neuron,2
"L&K Logic Korea Co., Ltd.",2
The Chinese Room,2
Yuke's,2
Eden Industries,2
Nordcurrent,2
Blue Horizon Studios,2
Rocksteady Studios,2
Pirate Games,2
WayForward,2
Xaviant,2
Starbreeze Studios,2
Kisareth Studios,2
Related Designs,2
Eurocom Entertainment Software,2
Crystal Dynamics,2
OctoBox Interactive,2
BioWare Edmonton,2
Uncle Frost Team,2
TopVR,1
Shiny Entertainment,1
Verae Games,1
Rufoid AB,1
AlienX,1
Gravity Lagoon,1
rusimarudou,1
Starcade Arcade,1
ZeptoLab,1
Nick Antonopoulos,1
Dino Dini,1
Hardsuit Labs,1
Tbjbu2,1
Hot Lava Games,1
Ravenous Games Inc.,1
Independent Arts Software,1
Torus Games,1
Remainder Studios,1
Pixel Federation,1
West Dragon Productions DR,1
Pillow Pig Games,1
SEGA Racing Studio,1
Binary Planets,1
"NStorm, Inc.",1
Zelart,1
Bugbear Entertainment,1
Ennoble Studios,1
Sourabh P Hamigi,1
Munigis,1
A2M,1
Deckbound,1
Wild Sphere,1
Summitsphere,1
Hope Studio,1
Dylan Cassidy,1
Oleg Skutte,1
CreateVR,1
Paradigm Entertainment,1
Juice Games,1
Action Portal,1
HexWar Games,1
"3 Minute Games, LLC",1
Perpetual Motion Studios,1
Colopl NI,1
SHIFTRICK,1
Egidijus Bachur,1
Neuron Studio,1
Linden Lab,1
Avalanche Studios,1
Expansive Worlds,1
Dobermann Studios,1
SCLITIFY IT,1
Golgoth Studio,1
Three Flip Studios,1
Hard Light Labs,1
Beyond Games,1
Glitchers,1
Planet Games,1
Big Huge Games,1
38 Studios,1
Empire Interactive,1
Wathitdew Record™,1
Gamenesis,1
BKOM Studios,1
Zandel Media,1
Laplacian,1
Frostkeep Studios,1
Mina Plus,1
FIRST PHOENIX STUDIO,1
Builder Box Games,1
5th Planet Games Development,1
Focus Entertainment,1
Chaos Concept,1
Teyon,1
Spillage Games,1
QHYOUXI,1
iV Games,1
Mundfish,1
Titans,1
"CWAVESOFT, Inc.",1
Monkey Bar Games,1
Inti Creates,1
Coilworks,1
Kindly Beast,1
Last Level,1
SOFF Games,1
Sharkheart Studios,1
Jigsaw Unravel,1
Gran Skrea Online,1
Visual Outbreak,1
sectuZNET,1
MUTT Studio,1
JeliLiam,1
Interdimensional Games Inc,1
Zepetto Co.,1
Unwonted Studios,1
Atan Games,1
Golden Epoch Media,1
Blackflag Games,1
God Roll Games,1
Ouroboros Games,1
Feral Interactive,1
Gaslamp Games,1
Fishcow Studio,1
0Cube,1
Powerhouse Animation Studios,1
TephraSPB,1
TeamCrew,1
Acuze Interactives,1
Green-eyed Taxi,1
Purple Tree,1
2tainment,1
Navel,1
Dream Harvest Games,1
Tin Man Games,1
Freedom Factory,1
SOF Studios Ltd,1
Zoryth Games,1
Team Chaos LLC,1
Platonic Game Studio,1
Skyshine Games,1
BS STUDIOS,1
Krenliper,1
N3V Games,1
Freejam,1
Sony Online Entertainment,1
ECool Game,1
Eko,1
Sam Barlow,1
You Run Ltd,1
Greystone Games,1
A-line Games,1
Tatem Games,1
12210,1
Minibeast,1
Devespresso Games,1
Yager Development,1
FOAM Entertainment,1
Reto-Moto,1
Oozoo,1
Cyan Worlds,1
Roll7,1
Starlight Studios,1
"Dracue, Co. ltd",1
Stunlock Studios,1
Juncture Media,1
North Modding Company,1
Arcen Games,1
Space Indie Studios,1
PDS Games,1
Zulubo Productions,1
Ludosity,1
Lightbulb Crew,1
NetherRealm Studios,1
K Bros Games,1
"GungHo Online Entertainment America, Inc.",1
Recoil Games,1
INTERMARUM,1
One More Level,1
Resolution Games,1
Umix Studios,1
Demiurge Studios,1
Giants Software,1
SuperVillain Studios,1
Hellbent Games,1
Iron Mountain Interactive,1
Struckd AG,1
Nomad Apps,1
Red Meat Games,1
Crafty Game Lab,1
Wreck Tangle Games,1
Motiga,1
VAR LIVE International Ltd,1
Pwnee Studios,1
Wansee Entertainment,1
"Reverie World Studios, INC",1
Wargaming.net,1
Ntreev Soft,1
UltraDarthVader,1
UltraDarthVade,1
Ankama Games,1
Wild Grip,1
b-alive,1
Cubical Drift,1
Sigil Entertainment,1
Challenging Games,1
Gutter Arcade,1
Floating Origin Studios,1
Sauropod Studio,1
Mathieu,1
JWaffle Games,1
FlamingLunchBox,1
Tiger and Squid,1
Rail Slave Games,1
Jaded Lancer,1
The Wave VR Inc.,1
Power Level Studios,1
Eforb,1
Dared Gaming Studios,1
Disruptive Games,1
Fishmoose Interactive,1
Climax Studios,1
Waïju,1
Kyodai,1
NGD Studios,1
Red Candle Games,1
8-bit Studio,1
Mythical City Games,1
Brok3nsite,1
Wevr,1
Nvius,1
Dolores Entertainment,1
KintoGames,1
Moral Anxiety Studio,1
Cryptozoic Entertainment,1
Spacebot Interactive,1
EA Black Box,1
Lucid Games,1
Strange Matter Studios,1
Cauldron HQ,1
NovaLogic,1
HiderumStudios,1
Cozy Game Pals,1
Project Aces,1
Zatara Software Ltd,1
Tudo Rip Games,1
Tag Games,1
Wangyuan Shengtang,1
Signal Studios,1
Vanille Games,1
FeelThere,1
RandomSpin,1
Capybara Games,1
Onmoon,1
Spilt Milk Studios Ltd,1
BigBox VR,1
atelier773,1
Undead Labs,1
Eneme Entertainment,1
Reloaded Studios,1
United Front Games,1
Phoenix Game Studio,1
Sky Bear Games,1
Epicenter Studios,1
Rinberd,1
Dreamlore,1
N-Game Studios,1
Gamera Interactive,1
Izeeware,1
夜雨ドッド,1
Frosty Elk,1
Wonder People,1
Daniel Gelber,1
Satoshi's Games,1
Treyarch,1
SHOPSOFT,1
Glass Heart Games,1
Eathams,1
Torai Anguru!,1
Black Wing Foundation,1
Arigatonasu,1
GHS Game,1
Mia Blais-Cote,1
No Bloat,1
Tojoy Game,1
Probe Software,1
Kukouri Mobile Entertainment,1
Forge Reply srl,1
Wildbus Studio,1
Ghost Time Games,1
Nacho Games,1
Black Lantern Studios,1
Grumpy Otis Games,1
Runewaker Entertainment,1
Conradical Games,1
Aldin Dynamics,1
Black Eye Games,1
Rose City Games,1
Next Level Games,1
Q Entertainment,1
StaplesVR,1
Orthrus Studios,1
Grasshopper Manufacture,1
Digital Reality,1
Playstige Interactive,1
Playstige,1
HandyGames,1
Serellan LLC,1
Beacon of Gamers Studio,1
Gonzo Games,1
Sideline Amusements,1
Octagon Interactive,1
Spike ChunSoft,1
Phosphor,1
Trilobyte,1
Triangle Studios,1
Rogue Sun,1
Fair Games Studio,1
Matrix Software,1
Mastiff,1
Bravery Software,1
Tigon Studios,1
Joycity Corporation,1
Just Add Oil Games,1
X-Legend,1
Norsfell,1
Snowblind Studios,1
Sleeping Hero,1
Robot Riot,1
Mojang Studios,1
Armor Project,1
Super Punk Games,1
Frontier Developments,1
Grab,1
Viewpoint Games,1
Darewise Entertainment,1
HeroCraft,1
Draydur Studio,1
GameCoder Studios,1
Vigil Games,1
Anuman Interactive,1
Rapak Games,1
Frontier,1
Bloober Team,1
Last Limb LLC,1
Rovio Entertainment,1
Caipirinha Games,1
Darkworks,1
ByteRockers' Games,1
Nvizzio Creations,1
"CFK Co., Ltd.",1
Chautauqua Software,1
Asakusa Studios,1
Meerkatgames,1
Extent5,1
Void Interactive,1
Pearl Abyss,1
Joystick Knights,1
souvenir circ.,1
Psyonix,1
Shai Angress,1
Wyrmbyte,1
Backflip Studios,1
CBE software,1
Slant Six Games,1
Klei Entertainment,1
Beenox,1
Tactic Forge,1
LFiO Studio,1
Doublesix Games,1
Gamemag,1
TeePee Studios,1
Mind's Eclipse Interactive,1
Westwood Studios,1
Terminal Press,1
Encircle Games,1
Flatcoon,1
Bug Inventors,1
Delectable Studios,1
Opendix147,1
[geim].pro,1
Game Insight,1
Thinice Games,1
DB Creation,1
Pixelmate,1
A Grumpy Fox,1
Xatrix Entertainment,1
Dream Potion Games,1
Chemical Games Studio,1
Thirdverse,1
Quantum Lion Labs,1
CFK,1
YGGDRASIL STUDIO,1
Freakinware Games,1
Reum Entertainment,1
White Smoke Games,1
OverPowered Team,1
C3SK,1
Monkeymaw,1
Chibig,1
Spearhead Games,1
Just A Pixel Ltd,1
Biart,1
Edge of Reality,1
Fall Damage,1
Infinite Interactive,1
Pointscape,1
In Vitro Games,1
Industry Games,1
Vogster Entertainment,1
CMOAR Studio,1
Giant Box Games,1
Cyanide Studio,1
Madlife Divertissement,1
Top Hat Studios,1
Pieces Interactive,1
Encore,1
ValuSoft,1
Big Daddy's Creations,1
PressA,1
Darius Immanuel D. Guerrero,1
Orihaus,1
Krafton,1
Enplex Games,1
Visionary Realms,1
Acclaim Studios Teesside,1
Slitherine Ltd.,1
Gatling Goat Studios,1
Indie World Order,1
XPloria / Musclebird,1
Iris Productions,1
LOOKSTEN,1
Essence Ltd.,1
Yooreka Studio,1
imcGames,1
HanbitSoft,1
Eidos Montréal,1
Counterplay Games Inc.,1
Gamesare,1
Fun Games For Free,1
Xiotex Studios,1
Warlogics Ltd.,1
Size Five Games,1
Hero Blocks ApS,1
SuperTrick Games,1
NUMBER7,1
Digital Extremes,1
Red Fly Studio,1
Robomodo,1
Rock Pocket Games,1
Million on Mars,1
NeuronHaze,1
Stoic,1
InjectWare Studio,1
Redhill Games,1
Farom Studio,1
Her Interactive,1
Kicksome Entertainment,1
UserJoy Entertainment,1
Abyssal Arts,1
Platine Dispositif,1
Old School Games,1
Aeria Games,1
Plain Concepts Corp,1
Funny Angle Games,1
GYAAR Studio,1
Tarhead Studio,1
Hydrant Games,1
MULTIVERSUM,1
Toxodon Games,1
PlayFirst,1
"Rocketeer Games Studio, LLC",1
Norven Games,1
Player First Games,1
Hybriona Labs,1
upjers,1
Banana Cat,1
Mythic Entertainment,1
Phantom Compass,1
JC Planet,1
SpikySnail,1
Virgin Games USA,1
Rune Skovbo Johansen,1
Blue Brain Games,1
Third Wave Games,1
8monkey Labs,1
Katauri Interactive,1
Pixelmage Games,1
Wolf & Bear,1
Strategy First,1
AvoCavo,1
Square,1
Quixel Network,1
Three Gates,1
Dharker Studio,1
DTP Entertainment,1
Bolvërk Games,1
Citeremis Inc.,1
Hammerfall Publishing,1
Radiant Game Studios,1
Curio Productions,1
Batovi Games Studio,1
Fineway Studios,1
High Tale Studios,1
Rockstar Toronto,1
Massive Entertainment,1
Gameplay First Studios,1
Net Dragon,1
Schizotypy Games,1
Systence Games,1
Red Storm Entertainment,1
Gradual Games,1
Offworld Games,1
Team17,1
SC-KR Games,1
Galaxy Studio,1
Majoris Studios,1
Skyline Games,1
SimBin,1
Fireblitz,1
BricksVR,1
BricksVR Studios,1
Jumpsky.co,1
Systemic Reaction,1
bitSmith Games,1
漾夕,1
The Secret Games Company,1
Jellyvision,1
Webfoot Technologies,1
Iron Galaxy Studios,1
Game Mechanic Studios,1
Flaming Fowl Studios,1
Fatih Mert,1
Red Fox Studio,1
Pixeldiet Entertainment,1
Arrowhead Game Studios,1
weheartprojects.com,1
Most Wanted Entertainment,1
Serkan Bakar,1
Master UOMU,1
CyberStep,1
Individual Software,1
Aventurine,1
Andromeda Entertainment,1
Gazillion Entertainment,1
Lost Mountain,1
Blue Wizard Digital,1
Imagine Fantasia,1
Trapped in Despair,1
Stained Glass Llama,1
Visual Impact,1
Burning Arrow,1
4 I Lab,1
DitD Team,1
Slime King Games,1
Black Potion,1
Facepunch Studios,1
Kiz Studios,1
Strange Graphs Technologies L.L.C.,1
Golden Orb,1
Gunnar Games,1
"Bit Fry Game Studios, Inc.",1
Vae Victis Games,1
"Fair Weather Studios, LLC",1
Gearbox Software,1
Quantum Productions,1
Nippon Ichi Software,1
ForwardWorks,1
Storyline Team,1
Jamo Games,1
HeadByte Studios,1
Tall Tail Studios,1
Sigma Team,1
Holistic Design,1
Illion Corp,1
Sweet Games,1
BLUE BOX Game Studios,1
Ideonic,1
SKB Game,1
Kool2Play,1
Keydare Project,1
Shiisanmei,1
RETIAD,1
Magic Wand Productions,1
Igor Krutov,1
Games Foundry,1
AtomicElbow AB,1
Arcturus Studios Inc,1
PTW,1
Westlake Interactive,1
General Arcade,1
3D Realms,1
Enyx Studios,1
BugBrains,1
Xendex,1
Pin-Point,1
TunaWithSalmon Games,1
Minimon Team,1
Code Mystics,1
Dungeoneering Studios,1
JoyImpact,1
ISOTX,1
Dragonfly,1
Explosm,1
Galvanic Games,1
Tekkou Studios,1
Chilla's Art,1
Playrix Entertainment,1
Witan Game Production House,1
Divivor,1
BlankGamesOnline,1
VI Games,1
Big Fish Games,1
Matt Boyer,1
Zine FALOUTI,1
TimeGate Studios,1
Above and Beyond Technologies,1
ebb and flow games,1
Stelex Software,1
Triverske,1
Hyperbolic,1
octopus-studio,1
Kerberos Productions,1
Epic Multimedia Group,1
Rockin Android,1
Odd Critter Games,1
Likely Games,1
Studio Skeleton,1
False Crow Studios Ltd,1
Midwinter Entertainment,1
"Mokylin Tech. Co.,Ltd",1
The Balance,1
Izyplay Game Studio,1
Rogue Earth LLC,1
AMT Games Publishing Limited,1
Wer,1
Videokid Games,1
PixelTrip Studios,1
Ongakken s. r. o,1
Benerot,1
Forever Entertainment S. A.,1
ESTsoft,1
Nickervision Studios,1
Hexar Games,1
Void Dimensions,1
Sperasoft Inc.,1
REEW GAMES,1
LDC Studios,1
Pow Wow,1
Purple Lamp Studios,1
Phenomic Game Development,1
GOKHAN CALISKAN,1
Ready at Dawn,1
Rockstar San Diego,1
Giant Space Monster,1
13856,1
The Binary Mill,1
Broken at Release Game Studio,1
DolphinBarn,1
Mando Productions,1
Asteristic Game Studio,1
b1stable,1
Biterkid,1
Alyssa Genereau,1
Fukazume Kizoku,1
Rockywood Studios,1
The Creative Assembly,1
Daybreak Games,1
Static City Games,1
Crazy Dog Games Tmi,1
"Netker Co., Ltd.",1
Super Hatch Games,1
Steel Wool Studios,1
Imperfect Studios,1
White Guardian Studios LLC,1
EKO Software,1
Hinge Games Lts.,1
EmiliaD2313,1
Netzweck GmbH,1
Super Evil Megacorp,1
Psydra Games LLC,1
Rooster Teeth Games,1
Middle City Games,1
Brain Candy,1
Robosoft Technologies,1
Eidos Hungary,1
Michael Janisch,1
Diios,1
Blackpowder Games,1
Water Phoenix,1
Certain Affinity,1
Peaksel D.O.O. Nis,1
YakiCL,1
StarVerse Interactive,1
Sixense,1
Bad Viking,1
Rogue Entertainment,1
Dongleware,1
DevHour Games,1
Wild Planet Studio,1
SUTD Game Lab,1
Souris-Lab,1
J. J. A,1
Mathias,1
Damaged,1
Pablo Heckman,1
Hipnotic Interactive,1
LEAP Game Studios,1
8870,1
Sixteen Tons Entertainment,1
WZL Game Design,1
Swizzle llc,1
HoneyHeart,1
Ratloop Games Canada,1
Ridiculous Games,1
Key,1
Dan Sanderson,1
Focus Studios,1
FrozenPixel (FPX),1
Abyssal Studios,1
Red Wasp Design Ltd,1
PixelMetal,1
Robot Entertainment,1
Pixelabor,1
weRplay,1
Parallel Space Inc,1
FarSpace Studios,1
Rednim Games,1
Naked Sky Entertainment,1
NExT Studios,1
Bossa Studios,1
Revive Studios LLC,1
Rocket Cola Studio,1
Iron Horse Games,1
15663,1
Psikyo,1
Four Lights,1
Marshlight Software,1
Crossingstar Studio,1
Inu to Neko,1
42 Foundation,1
LAB132,1
Nexon Korea,1
Deeli Network,1
Stardock Entertainment,1
Jaroslav Halaš,1
Matouš Pilný,1
Karel Schnelzer,1
NinePlus Studio,1
TRU FUN Entertainment,1
Generic Game Studios LLC,1
Harmonix Music Systems,1
Quiet River,1
WolfgangIs,1
Torn Banner Studios,1
QC Games,1
Dynamic zero,1
Braden Frye,1
Con Artist Games,1
Triority Interactive Novels,1
"BLACK LODGE GAMES, LLC",1
Jovian Industries,1
Game Smash,1
Dirigo Games,1
ToastieLabs,1
Lichthund,1
Sword Twin Studios,1
Tiny Rebel Games,1
Seed Studio,1
Binary Fortress Software,1
Yotsubane,1
Dystopia Interactive,1
Trendy Entertainment,1
SubZero Software,1
FIX Games,1
Persistent Studios,1
Black Riddles Studio Ltd.,1
THQ Digital Studios UK,1
Headup Games,1
Felip Guimerà,1
Organic Robot Games,1
612 Games,1
Sonic Team,1
"Wicked Fun, inc",1
Flyleap Studios Pty. Ltd.,1
Cosmic Ray Studio,1
SoMa Play,1
EVA,1
Zero Gravity,1
Codevision,1
Rusto,1
EpicStar,1
Alawar Entertainment,1
Unbroken Studios,1
Playstark,1
Nerd Kingdom Inc.,1
Magical Space Wizard,1
Playfusion,1
U.Ground Game Studio,1
Cubed Productions LLC,1
Gravity Interactive,1
Sega AM3,1
inXile Entertainment,1
Interactive Binary Illusions,1
Stone Blade Entertainment,1
"HANGZHOU ELECTRONIC SOUL NETWORK TECHNOLOGY CO., LTD",1
Dan Kenny,1
Super Hippo Studios,1
Limevision Studios,1
Nival Interactive,1
Epic Gamer World LLC,1
Nanjing AQUATRAX,1
Tencent Aurora Studios,1
Tencent Games,1
2DEngine,1
Saltclock Studio,1
Valiant Game Studio AB,1
XPEC,1
Gaijin Games,1
Clock Drive Games,1
Joshua Keith,1
Spark Plug Games,1
Goblinz Studio,1
Right Nice Games,1
The Lazy Summer,1
Oovee Game Studios,1
Core Loop Ltd,1
Eden Games,1
Sunburned Games,1
机迷工作室,1
Q Entertainment Inc.,1
MythicOwl,1
Visualnoveler,1
Only Believe Games,1
Room 301,1
Red Line Games,1
Chasing Carrots,1
Cosmic Spud,1
BucketPlay Inc.,1
Simulators Gear,1
Bended Rules,1
Wave Interactive,1
Neowiz Bless Studio,1
Playsaurus,1
Black Tower Studios,1
Krafted Games,1
WIT Entertainment,1
On5,1
Hamsters Gaming,1
Ganz,1
GNISoft,1
Iubisoft System SRL,1
"Hoplite Research, LLC",1
Aasura Project,1
Goodhustle Studios,1
Ayyo Games,1
Sword Garden Studios,1
CloudWeight Studios,1
Tamarin Studios,1
Well Played,1
Savage Entertainment,1
Little Orbit,1
Snowcastle Games,1
Virtual Dawn,1
iFun4All,1
Dante Knoxx,1
Polyphonic,1
rokaplay,1
Turtle Rock Studios,1
Joy Way,1
NSquare,1
Carbine Studios,1
Pineleaf Studio,1
Applava,1
Fntastic,1
BigBlaze Games,1
HitGrab Game Labs,1
Parul,1
Parmjit Singh,1
Vertigo Gaming,1
Tiny Titan Studios,1
NYP,1
Over the Top Games,1
Donkey Crew,1
Skunk Software,1
Mark Kondor,1
Deep Games,1
Phantagram,1
Blueside,1
ND Games,1
Sideless Cube,1
Chainsaw Games,1
Wander MMO,1
Linked Dimensions,1
Great Gretuski Studios,1
Pixel Pushers Union 512,1
Barty Games,1
Kev Jackson,1
MLB.com,1
Artplant,1
Mike T,1
橙光游戏,1
Nelson Vargas Castro,1
Magic Pockets,1
Entheogen Studios LLC,1
Jagex Ltd. Games Studio,1
Tamamo Studio,1
Trifulca Force,1
Gas Powered Games,1
SkillNest,1
Mastertronic,1
YouVisio Productions Inc.,1
KerboGames,1
ProX,1
Riko,1
RealityArts Studio,1
gamigo Publishing GmbH,1
Giant Army,1
"Case in Point Studios, LLC",1
Yonder,1
Fantastico Studio,1
Rocktastic Games,1
2020 Venture,1
"Ymir Entertainment Co., Ltd",1
AXC GAMES,1
Unbound Interacti,1
VecFour Digital,1
Flat Software,1
Denizen Seven,1
"Dragonfly GF Co., LTD",1
Playcorp Studios Pty Ltd,1
Skyjaz Games,1
Double Eleven,1
Blob Games Studio,1
Bohemia Interactive Studio,1
Gametology,1
Hungry Couch Games,1
Napoleon Games,1
Pixel Hero Games,1
Dolphin Barn,1
Joe Jobson,1
tobspr IT Solutions,1
ZootFly,1
Velan Studios,1
Overkill Software,1
Ginger Labs Inc,1
9M Interactive,1
IEP Games,1
Team Weaver,1
WANIN Games,1
Team Jolly Roger,1
电钮组,1
IndigoWare,1
Futuremark,1
Bumblebear Games,1
"Liquid Bit, LLC",1
FireForge Games,1
GameOrchard Productions,1
Edge Case Games Ltd.,1
Moment Studio,1
Quadriga Games,1
Danstarr13,1
New Reality Games,1
XGen Studios,1
SF team,1
Fenix Fire Entertainment,1
Lucid Sight,1
"Max Gaming Technologies, LLC",1
Bit Bionic LLC,1
S.R.L.,1
Double Helix Games,1
Hi-Rez Studios,1
Victor Corradi,1
ROYALCROW,1
Brain Stone GmbH,1
Ventilator Shark,1
Bad Seed,1
Aquiris Game Studio,1
Fennecai Fox Creative,1
Snowforged Entertainment,1
Rafael Mori Neiva,1
PIXEL CRUISE,1
Cyber Prophet,1
TheWgames,1
Mutiny Software,1
Playfox Games,1
LizardFactory,1
Frima Studio,1
Blacksmith Joe,1
Games Faction,1
Mojo Bones,1
GameStar,1
Propaganda Games,1
Dagestan Technology,1
Lionhead Studios,1
Akash Balloo,1
Legend Entertainment,1
Press Play,1
Red Rocket Games,1
RedBedlam,1
Fast Travel Games,1
Fuero Games,1
Silent Cube Games,1
Friendly Cactus,1
Funbox Media Ltd,1
NorfleetWorks,1
Spartanvstudios,1
Ghost roots,1
Teknopilot,1
Sarepta Studio,1
Kalypso Media Digital,1
Dectre Games,1
Lion Games Studios,1
Outpost Games,1
Planetary Annihilation Inc,1
Milestone,1
Playwith Interactive,1
So Romantic,1
EA Los Angeles,1
Williams Entertainment,1
CatDev Games,1
WRGenesis,1
Vision Reelle,1
Insane,1
Crime Opera Studios,1
Ratalaika Games,1
Psyop Games,1
Illfonic,1
Spiral House,1
Evil Twin Artworks,1
Crystal Box Team,1
Gamaya Inc,1
Event Horizon Studios,1
HitPoint Studios Inc.,1
Kojima Productions,1
